model,runs,mean_tokens,min_tokens,max_tokens
fable-5,1,101762.0,101762,101762
sonnet-5,3,84687.0,36302,113582
composer-2.5,3,35262.333333333336,11886,54325
grok-4.5,3,25827.333333333332,19427,33090
