model,runs,mean_tokens,min_tokens,max_tokens
sonnet-5,3,20608.666666666668,18357,23016
grok-4.5,3,20560.666666666668,17281,24904
composer-2.5,3,14003.666666666666,11156,18969
fable-5,1,13750.0,13750,13750
